"Data Source","World Development Indicators",

"Last Updated Date","2026-04-08",

"Country Name","Country Code","Indicator Name","Indicator Code","1960","1961","1962","1963","1964","1965","1966","1967","1968","1969","1970","1971","1972","1973","1974","1975","1976","1977","1978","1979","1980","1981","1982","1983","1984","1985","1986","1987","1988","1989","1990","1991","1992","1993","1994","1995","1996","1997","1998","1999","2000","2001","2002","2003","2004","2005","2006","2007","2008","2009","2010","2011","2012","2013","2014","2015","2016","2017","2018","2019","2020","2021","2022","2023","2024","2025",
"Aruba","ABW","Diarrhea treatment (% of children under 5 who received ORS packet)","SH.STA.ORTH","","","","","","","","","","","","","","","","","","","","","","","","","","","","","","","","","","","","","","","","","","","","","","","","","","","","","","","","","","","","","","","","","","",
"Africa Eastern and Southern","AFE","Diarrhea treatment (% of children under 5 who received ORS packet)","SH.STA.ORTH","","","","","","","","","","","","","","","","","","","","","","","","","","","14.2020937201394","19.7162806174054","","37.2954186092001","","","","","","","","","","","","","","","","","","","","","","","","","","","","","","","","","","","","",
"Afghanistan","AFG","Diarrhea treatment (% of children under 5 who received ORS packet)","SH.STA.ORTH","","","","","","","","","","","","","","","","","","","","","","","","","","","26","11","","11","","","","","","","","33","","","","","","29.5","","","","","","","","53.3","","","","46.2","","","39.9","","","","","","","",
"Africa Western and Central","AFW","Diarrhea treatment (% of children under 5 who received ORS packet)","SH.STA.ORTH","","","","","","","","","","","","","","","","","","","","","","","","","","","10.903878566241","17.5342677595603","","35.1586406422645","","","","","","","","","","31.42223263049","","","","","","","","","","","","","","","","","","","37.0355958596385","","","","","","","",
"Angola","AGO","Diarrhea treatment (% of children under 5 who received ORS packet)","SH.STA.ORTH","","","","","","","","","","","","","","","","","","","","","","","","","","","5","12","","12","","","","","","","34.9000015258789","","","","","","","","","","","","","","","","","","","","42.6","","","","","","","","","",
"Albania","ALB","Diarrhea treatment (% of children under 5 who received ORS packet)","SH.STA.ORTH","","","","","","","","","","","","","","","","","","","","","","","","","","","","","","","","","","","","","","","","","23.5","","","","","51.8","","","","54.3","","","","","","","","","34.5","","","","","","","",
"Andorra","AND","Diarrhea treatment (% of children under 5 who received ORS packet)","SH.STA.ORTH","","","","","","","","","","","","","","","","","","","","","","","","","","","","","","","","","","","","","","","","","","","","","","","","","","","","","","","","","","","","","","","","","","",
"Arab World","ARB","Diarrhea treatment (% of children under 5 who received ORS packet)","SH.STA.ORTH","","","","","","","","","","","","","","","","","","","","","","","","","","","25.8778897546768","42.1357472731969","","47.5082726018109","","","","","","","","","","","","","","","","","","","","","","","","","","","","","","","","","","","","",
"United Arab Emirates","ARE","Diarrhea treatment (% of children under 5 who received ORS packet)","SH.STA.ORTH","","","","","","","","","","","","","","","","","","","","","","","","","","","9","13","","24","","","","","","39.9000015258789","","","","","","","","","","","","","","","","","","","","","","","","","","","","","","",
"Argentina","ARG","Diarrhea treatment (% of children under 5 who received ORS packet)","SH.STA.ORTH","","","","","","","","","","","","","","","","","","","","","","","","","","","3","3","","70","","","","","","","","","","","","","","","","","","","","","","","17.5","","","","","","","","15.4","","","","","",
"Armenia","ARM","Diarrhea treatment (% of children under 5 who received ORS packet)","SH.STA.ORTH","","","","","","","","","","","","","","","","","","","","","","","","","","","","","","","","","","","","","","33","","","33","","","","","24.9","","","","","33","","","","","","36.9","","","","","","","","","",
"American Samoa","ASM","Diarrhea treatment (% of children under 5 who received ORS packet)","SH.STA.ORTH","","","","","","","","","","","","","","","","","","","","","","","","","","","","","","","","","","","","","","","","","","","","","","","","","","","","","","","","","","","","","","","","","","",
"Antigua and Barbuda","ATG","Diarrhea treatment (% of children under 5 who received ORS packet)","SH.STA.ORTH","","","","","","","","","","","","","","","","","","","","","","","","","","","","","","","","","","","","","","","","","","","","","","","","","","","","","","","","","","","","","","","","","","",
"Australia","AUS","Diarrhea treatment (% of children under 5 who received ORS packet)","SH.STA.ORTH","","","","","","","","","","","","","","","","","","","","","","","","","","","","","","","","","","","","","","","","","","","","","","","","","","","","","","","","","","","","","","","","","","",
"Austria","AUT","Diarrhea treatment (% of children under 5 who received ORS packet)","SH.STA.ORTH","","","","","","","","","","","","","","","","","","","","","","","","","","","","","","","","","","","","","","","","","","","","","","","","","","","","","","","","","","","","","","","","","","",
"Azerbaijan","AZE","Diarrhea treatment (% of children under 5 who received ORS packet)","SH.STA.ORTH","","","","","","","","","","","","","","","","","","","","","","","","","","","","","","","","","","","","","","","","","10.1","","","","","","21.1","","","","","11.1","","7.5","","","","","","","","","","","","",
"Burundi","BDI","Diarrhea treatment (% of children under 5 who received ORS packet)","SH.STA.ORTH","","","","","","","","","","","","","","","","","","","","","","","","","","","9","30","","30","","","","","","","","","","","11","","","","","34.8","","","","","37.8","","47.2","","","","35.6","35.6","","","","","","","","",
"Belgium","BEL","Diarrhea treatment (% of children under 5 who received ORS packet)","SH.STA.ORTH","","","","","","","","","","","","","","","","","","","","","","","","","","","","","","","","","","","","","","","","","","","","","","","","","","","","","","","","","","","","","","","","","","",
"Benin","BEN","Diarrhea treatment (% of children under 5 who received ORS packet)","SH.STA.ORTH","","","","","","","","","","","","","","","","","","","","","","","","","","","12","26","","45","","","","","","","25.8","","","","","23.3","","","","","23.3","","","","","","50.1","","25.4","","","","22.2","","","","","","","",
"Burkina Faso","BFA","Diarrhea treatment (% of children under 5 who received ORS packet)","SH.STA.ORTH","","","","","","","","","","","","","","","","","","","","","","","","","","","9","15","","15","","","","12","","","","","","14.6","","","","18.9","","","16.5","","","","21.2","","","","","39.5","","","","","","","","","","",
"Bangladesh","BGD","Diarrhea treatment (% of children under 5 who received ORS packet)","SH.STA.ORTH","","","","","","","","","","","","","","","","","","","","","","","","","","","51","26","","26","","","","","50.3","","","47.9","","","61.3","","","","67.1","","64.4","76.6","","","","77.6","","73","77","","","","83.3","72.4","","","","","","",
"Bulgaria","BGR","Diarrhea treatment (% of children under 5 who received ORS packet)","SH.STA.ORTH","","","","","","","","","","","","","","","","","","","","","","","","","","","","","","","","","","","","","","","","","","","","","","","","","","","","","","","","","","","","","","","","","","",
"Bahrain","BHR","Diarrhea treatment (% of children under 5 who received ORS packet)","SH.STA.ORTH","","","","","","","","","","","","","","","","","","","","","","","","","","","37","53","","6","","","","","","35.5","","","","","","","","","","","","","","","","","","","","","","","","","","","","","","",
"Bahamas, The","BHS","Diarrhea treatment (% of children under 5 who received ORS packet)","SH.STA.ORTH","","","","","","","","","","","","","","","","","","","","","","","","","","","","","","","","","","","","","","","","","","","","","","","","","","","","","","","","","","","","","","","","","","",
"Bosnia and Herzegovina","BIH","Diarrhea treatment (% of children under 5 who received ORS packet)","SH.STA.ORTH","","","","","","","","","","","","","","","","","","","","","","","","","","","","","","","","","","","","","","","","","13.2","","","","","","36.3","","","","","","36.3","","","","","","","","","","","","","",
"Belarus","BLR","Diarrhea treatment (% of children under 5 who received ORS packet)","SH.STA.ORTH","","","","","","","","","","","","","","","","","","","","","","","","","","","","","","","","","","","","","","","","","","","","","","36.4","","","","","","","45.3","","","","","","","52.7","","","","","","",
"Belize","BLZ","Diarrhea treatment (% of children under 5 who received ORS packet)","SH.STA.ORTH","","","","","","","","","","","","","","","","","","","","","","","","","","","65","65","","65","","33","","","","","","","","","","","","","","","27","","","","","22.8","","","","","55.2","","","","","","","","","",
"Bermuda","BMU","Diarrhea treatment (% of children under 5 who received ORS packet)","SH.STA.ORTH","","","","","","","","","","","","","","","","","","","","","","","","","","","","","","","","","","","","","","","","","","","","","","","","","","","","","","","","","","","","","","","","","","",
"Bolivia","BOL","Diarrhea treatment (% of children under 5 who received ORS packet)","SH.STA.ORTH","","","","","","","","","","","","","","","","","","","","","","","","","","","21","53","","60","","","","","33.4","","","","30.2","","24.6","","","28.8","28.8","","","","34.9","","","","22.3","","","","40","","","","","","","","","",
"Brazil","BRA","Diarrhea treatment (% of children under 5 who received ORS packet)","SH.STA.ORTH","","","","","","","","","","","","","","","","","","","","","","","","","","","40","40","","45","","27","","","","","43.6","","","","","","","","","","","","","","","","","","","","","","","","","","","","","",
"Barbados","BRB","Diarrhea treatment (% of children under 5 who received ORS packet)","SH.STA.ORTH","","","","","","","","","","","","","","","","","","","","","","","","","","","1","1","","10","","","","","","","","","","","","","","","","","","","","","","","","","","","","","","","","","","","","",
"Brunei Darussalam","BRN","Diarrhea treatment (% of children under 5 who received ORS packet)","SH.STA.ORTH","","","","","","","","","","","","","","","","","","","","","","","","","","","7","","","","","","","","","","","","","","","","","","","","","","","","","","","","","","","","","","","","","","","",
"Bhutan","BTN","Diarrhea treatment (% of children under 5 who received ORS packet)","SH.STA.ORTH","","","","","","","","","","","","","","","","","","","","","","","","","","","11","40","","40","","","","","","","","","","","","","","","","","","","","","60.9","","","","","","","","","","","","","","","",
"Botswana","BWA","Diarrhea treatment (% of children under 5 who received ORS packet)","SH.STA.ORTH","","","","","","","","","","","","","","","","","","","","","","","","","","","46","46","","66","","","","","","","","","","","48.9","","","","","","","42.9","","","","","","","","","","","","","","","","","","",
"Central African Republic","CAF","Diarrhea treatment (% of children under 5 who received ORS packet)","SH.STA.ORTH","","","","","","","","","","","","","","","","","","","","","","","","","","","6","15","","20","","","","","","27.7","24","","","","17.2","","","","","","13.4","","","","15.6","","","","","","","","","23.4","","","","","","",
"Canada","CAN","Diarrhea treatment (% of children under 5 who received ORS packet)","SH.STA.ORTH","","","","","","","","","","","","","","","","","","","","","","","","","","","","","","","","","","","","","","","","","","","","","","","","","","","","","","","","","","","","","","","","","","",
"Central Europe and the Baltics","CEB","Diarrhea treatment (% of children under 5 who received ORS packet)","SH.STA.ORTH","","","","","","","","","","","","","","","","","","","","","","","","","","","","","","","","","","","","","","","","","","","","","","","","","","","","","","","","","","","","","","","","","","",
"Switzerland","CHE","Diarrhea treatment (% of children under 5 who received ORS packet)","SH.STA.ORTH","","","","","","","","","","","","","","","","","","","","","","","","","","","","","","","","","","","","","","","","","","","","","","","","","","","","","","","","","","","","","","","","","","",
"Channel Islands","CHI","Diarrhea treatment (% of children under 5 who received ORS packet)","SH.STA.ORTH","","","","","","","","","","","","","","","","","","","","","","","","","","","","","","","","","","","","","","","","","","","","","","","","","","","","","","","","","","","","","","","","","","",
"Chile","CHL","Diarrhea treatment (% of children under 5 who received ORS packet)","SH.STA.ORTH","","","","","","","","","","","","","","","","","","","","","","","","","","","","","","1","","","","","","","","","","","","","","","","","","","","","","","","","","","","","","","","","","","","",
"China","CHN","Diarrhea treatment (% of children under 5 who received ORS packet)","SH.STA.ORTH","","","","","","","","","","","","","","","","","","","","","","","","","","","5","5","","40","","","","","11.3000001907349","","","","","","","","","","","","","","","","","","","","","","","","","","","","","","","",
"Cote d'Ivoire","CIV","Diarrhea treatment (% of children under 5 who received ORS packet)","SH.STA.ORTH","","","","","","","","","","","","","","","","","","","","","","","","","","","4","4","","16","","","","","11.1","","","","","23.6","16.1","","","","","","10.2","","","","","","17.2","","","","16.5","","","","","","","","","",
"Cameroon","CMR","Diarrhea treatment (% of children under 5 who received ORS packet)","SH.STA.ORTH","","","","","","","","","","","","","","","","","","","","","","","","","","","1","22","","84","","18","","","","","","","21.9","","14.1","","","","16.8","","12.8","","","","","17.2","","","15.8","","","","17.9","","","","","","","",
"Congo, Dem. Rep.","COD","Diarrhea treatment (% of children under 5 who received ORS packet)","SH.STA.ORTH","","","","","","","","","","","","","","","","","","","","","","","","","","","18","10","","40","","","","","","17.7000007629395","","","","","","16.8","","","","","","30.8","","","26.6","","","","39.1","","","","24.1","","","","","","","",
"Congo, Rep.","COG","Diarrhea treatment (% of children under 5 who received ORS packet)","SH.STA.ORTH","","","","","","","","","","","","","","","","","","","","","","","","","","","2","2","","13","","","","","","","","","","","","","","","","18.2","","","","","","","28","","","26.9","","","","","","","","","","",
"Colombia","COL","Diarrhea treatment (% of children under 5 who received ORS packet)","SH.STA.ORTH","","","","","","","","","","","","","","","","","","","","","","","","","","","6","12","","40","31.1","","","","","44.5","","","","","21.2","","","","46.6","46.6","","","","","54.1","","","","","","","","","","","","","","","",
"Comoros","COM","Diarrhea treatment (% of children under 5 who received ORS packet)","SH.STA.ORTH","","","","","","","","","","","","","","","","","","","","","","","","","","","1","18","","79","","","","","","","29.1","","","","18.5","","","","","","","","","","","","37.5","","","","","","","","","","","","","",
"Cabo Verde","CPV","Diarrhea treatment (% of children under 5 who received ORS packet)","SH.STA.ORTH","","","","","","","","","","","","","","","","","","","","","","","","","","","9","9","","5","","","","","","","","","","","","","","","","","","","","","","","","","","","","","","","","","","","","",
"Costa Rica","CRI","Diarrhea treatment (% of children under 5 who received ORS packet)","SH.STA.ORTH","","","","","","","","","","","","","","","","","","","","","","","","","","","52","78","","78","","","","","31","","","","","","","","","","","","","","","","","40","","","","","","","56.3","","","","","","","",
"Caribbean small states","CSS","Diarrhea treatment (% of children under 5 who received ORS packet)","SH.STA.ORTH","","","","","","","","","","","","","","","","","","","","","","","","","","","36.9029451326557","37.8165904966389","","45.4882702712608","","","","","","","","","","","","","","","","","","","","","","","","","","","","","","","","","","","","",
"Cuba","CUB","Diarrhea treatment (% of children under 5 who received ORS packet)","SH.STA.ORTH","","","","","","","","","","","","","","","","","","","","","","","","","","","20","70","","75","","","","","","","","","","","","","","","","","","","","","","51.1","","","60.9","","","","","35.2","","","","","","",
"Curacao","CUW","Diarrhea treatment (% of children under 5 who received ORS packet)","SH.STA.ORTH","","","","","","","","","","","","","","","","","","","","","","","","","","","","","","","","","","","","","","","","","","","","","","","","","","","","","","","","","","","","","","","","","","",
"Cayman Islands","CYM","Diarrhea treatment (% of children under 5 who received ORS packet)","SH.STA.ORTH","","","","","","","","","","","","","","","","","","","","","","","","","","","","","","","","","","","","","","","","","","","","","","","","","","","","","","","","","","","","","","","","","","",
"Cyprus","CYP","Diarrhea treatment (% of children under 5 who received ORS packet)","SH.STA.ORTH","","","","","","","","","","","","","","","","","","","","","","","","","","","5","2","","4","","","","","","","","","","","","","","","","","","","","","","","","","","","","","","","","","","","","",
"Czechia","CZE","Diarrhea treatment (% of children under 5 who received ORS packet)","SH.STA.ORTH","","","","","","","","","","","","","","","","","","","","","","","","","","","","","","","","","","","","","","","","","","","","","","","","","","","","","","","","","","","","","","","","","","",
"Germany","DEU","Diarrhea treatment (% of children under 5 who received ORS packet)","SH.STA.ORTH","","","","","","","","","","","","","","","","","","","","","","","","","","","","","","","","","","","","","","","","","","","","","","","","","","","","","","","","","","","","","","","","","","",
"Djibouti","DJI","Diarrhea treatment (% of children under 5 who received ORS packet)","SH.STA.ORTH","","","","","","","","","","","","","","","","","","","","","","","","","","","","22","","51","","","","","","","","","","","","","","","","","61.6","","","","","","93.6","","","","","","","","","","","","","",
"Dominica","DMA","Diarrhea treatment (% of children under 5 who received ORS packet)","SH.STA.ORTH","","","","","","","","","","","","","","","","","","","","","","","","","","","","","","","","","","","","","","","","","","","","","","","","","","","","","","","","","","","","","","","","","","",
"Denmark","DNK","Diarrhea treatment (% of children under 5 who received ORS packet)","SH.STA.ORTH","","","","","","","","","","","","","","","","","","","","","","","","","","","","","","","","","","","","","","","","","","","","","","","","","","","","","","","","","","","","","","","","","","",
"Dominican Republic","DOM","Diarrhea treatment (% of children under 5 who received ORS packet)","SH.STA.ORTH","","","","","","","","","","","","","","","","","","","","","","","","","","","11","41","","22","","25.2","","","","","12.4","","","41.5","28","","28.2","","","","","40.5","","","31.9","","","48","47.5","","","","","53.2","","","","","","",
"Algeria","DZA","Diarrhea treatment (% of children under 5 who received ORS packet)","SH.STA.ORTH","","","","","","","","","","","","","","","","","","","","","","","","","","","6","16","","26","","","","","","","","","","","17.7000007629395","","29.5","","","","18.5","","","","","","25.3","25.3","","","","","","27.3","","","","","","",
"East Asia & Pacific (excluding high income)","EAP","Diarrhea treatment (% of children under 5 who received ORS packet)","SH.STA.ORTH","","","","","","","","","","","","","","","","","","","","","","","","","","","11.6310267470666","18.6702933969529","","39.3122040425543","","","","","17.0382530630626","","","","","","","","","","","","","","","","","","","","","","","","","","","","","","","",
"Early-demographic dividend","EAR","Diarrhea treatment (% of children under 5 who received ORS packet)","SH.STA.ORTH","","","","","","","","","","","","","","","","","","","","","","","","","","","26.0783540909921","32.6663148738353","","29.6483883535055","","","","","","","","","","","","","","","","","","","","","","","","","","","","","","","","","","","","",
"East Asia & Pacific","EAS","Diarrhea treatment (% of children under 5 who received ORS packet)","SH.STA.ORTH","","","","","","","","","","","","","","","","","","","","","","","","","","","11.6301927789909","18.6702933969529","","39.3122040425543","","","","","17.0382530630626","","","","","","","","","","","","","","","","","","","","","","","","","","","","","","","",
"Europe & Central Asia (excluding high income)","ECA","Diarrhea treatment (% of children under 5 who received ORS packet)","SH.STA.ORTH","","","","","","","","","","","","","","","","","","","","","","","","","","","","","","","","","","","","","","","","","","","","","","","","","","","","","","","","","","","","","","","","","","",
"Europe & Central Asia","ECS","Diarrhea treatment (% of children under 5 who received ORS packet)","SH.STA.ORTH","","","","","","","","","","","","","","","","","","","","","","","","","","","","","","","","","","","","","","","","","","","","","","","","","","","","","","","","","","","","","","","","","","",
"Ecuador","ECU","Diarrhea treatment (% of children under 5 who received ORS packet)","SH.STA.ORTH","","","","","","","","","","","","","","","","","","","","","","","","","","","11","24","","70","","","","","","","","","","29.3999996185303","","","","","","","","","","","","","45.8","","","","","","","","","","","","","",
"Egypt, Arab Rep.","EGY","Diarrhea treatment (% of children under 5 who received ORS packet)","SH.STA.ORTH","","","","","","","","","","","","","","","","","","","","","","","","","","","61","83","","83","","","28.9","29","","40.2","40.2","","","","33.7","","","28.2","","33.5","","","28.4","","","","","","28.4","","","","","","","","","","","",
"Euro area","EMU","Diarrhea treatment (% of children under 5 who received ORS packet)","SH.STA.ORTH","","","","","","","","","","","","","","","","","","","","","","","","","","","","","","","","","","","","","","","","","","","","","","","","","","","","","","","","","","","","","","","","","","",
"Eritrea","ERI","Diarrhea treatment (% of children under 5 who received ORS packet)","SH.STA.ORTH","","","","","","","","","","","","","","","","","","","","","","","","","","","","","","","","","","","","32.8","32.8","","","","","","44.7","","","","","","","","43.4","","","","","","","","","","","","","","","",
"Spain","ESP","Diarrhea treatment (% of children under 5 who received ORS packet)","SH.STA.ORTH","","","","","","","","","","","","","","","","","","","","","","","","","","","","","","","","","","","","","","","","","","","","","","","","","","","","","","","","","","","","","","","","","","",
"Estonia","EST","Diarrhea treatment (% of children under 5 who received ORS packet)","SH.STA.ORTH","","","","","","","","","","","","","","","","","","","","","","","","","","","","","","","","","","","","","","","","","","","","","","","","","","","","","","","","","","","","","","","","","","",
"Ethiopia","ETH","Diarrhea treatment (% of children under 5 who received ORS packet)","SH.STA.ORTH","","","","","","","","","","","","","","","","","","","","","","","","","","","11","23","","32","","","","","","","","","","","13.1","","","","","19.9","","","","","","26.3","","","","","29.5","","","","","","","","","",
"European Union","EUU","Diarrhea treatment (% of children under 5 who received ORS packet)","SH.STA.ORTH","","","","","","","","","","","","","","","","","","","","","","","","","","","","","","","","","","","","","","","","","","","","","","","","","","","","","","","","","","","","","","","","","","",
"Fragile and conflict affected situations","FCS","Diarrhea treatment (% of children under 5 who received ORS packet)","SH.STA.ORTH","","","","","","","","","","","","","","","","","","","","","","","","","","","14.5579727175942","19.8832504725507","","36.0846399424789","","","","","","","","","","","","","","","","","","","","","","","","","","","","","","","","","","","","",
"Finland","FIN","Diarrhea treatment (% of children under 5 who received ORS packet)","SH.STA.ORTH","","","","","","","","","","","","","","","","","","","","","","","","","","","","","","","","","","","","","","","","","","","","","","","","","","","","","","","","","","","","","","","","","","",
"Fiji","FJI","Diarrhea treatment (% of children under 5 who received ORS packet)","SH.STA.ORTH","","","","","","","","","","","","","","","","","","","","","","","","","","","","16","","16","","","","","","","","","","","","","","","","","","","","","","","","","","","","","","","","53.9","","","","",
"France","FRA","Diarrhea treatment (% of children under 5 who received ORS packet)","SH.STA.ORTH","","","","","","","","","","","","","","","","","","","","","","","","","","","","","","","","","","","","","","","","","","","","","","","","","","","","","","","","","","","","","","","","","","",
"Faroe Islands","FRO","Diarrhea treatment (% of children under 5 who received ORS packet)","SH.STA.ORTH","","","","","","","","","","","","","","","","","","","","","","","","","","","","","","","","","","","","","","","","","","","","","","","","","","","","","","","","","","","","","","","","","","",
"Micronesia, Fed. Sts.","FSM","Diarrhea treatment (% of children under 5 who received ORS packet)","SH.STA.ORTH","","","","","","","","","","","","","","","","","","","","","","","","","","","","","","","","","","","","","","","","","","","","","","","","","","","","","","","","","","","","","","","","","","",
"Gabon","GAB","Diarrhea treatment (% of children under 5 who received ORS packet)","SH.STA.ORTH","","","","","","","","","","","","","","","","","","","","","","","","","","","7","7","","10","","","","","","","24.7999992370605","","","","24.8","24.8","","","","","","","","","","","26.1","","","","","","","","","","","","","",
"United Kingdom","GBR","Diarrhea treatment (% of children under 5 who received ORS packet)","SH.STA.ORTH","","","","","","","","","","","","","","","","","","","","","","","","","","","","","","","","","","","","","","","","","","","","","","","","","","","","","","","","","","","","","","","","","","",
"Georgia","GEO","Diarrhea treatment (% of children under 5 who received ORS packet)","SH.STA.ORTH","","","","","","","","","","","","","","","","","","","","","","","","","","","","","","","","","","","","","","","","25.3999996185303","","","","","","40","","","","","","","","","","","","","42.4","","","","","","","",
"Ghana","GHA","Diarrhea treatment (% of children under 5 who received ORS packet)","SH.STA.ORTH","","","","","","","","","","","","","","","","","","","","","","","","","","","3","36","33.5","21","","","","28.5","28.5","","","","29.2","29.2","","","","38.6","","","28.8","","44.5","","","35","","","48.6","","","","47.8","","","","","","","",
"Gibraltar","GIB","Diarrhea treatment (% of children under 5 who received ORS packet)","SH.STA.ORTH","","","","","","","","","","","","","","","","","","","","","","","","","","","","","","","","","","","","","","","","","","","","","","","","","","","","","","","","","","","","","","","","","","",
"Guinea","GIN","Diarrhea treatment (% of children under 5 who received ORS packet)","SH.STA.ORTH","","","","","","","","","","","","","","","","","","","","","","","","","","","1","1","","63","","","24.5","","","","","","","34.5","","","","40.1","","33.1","","","","","","","34.3","","","","34.3","","54.9","","","","","","","",
"Gambia, The","GMB","Diarrhea treatment (% of children under 5 who received ORS packet)","SH.STA.ORTH","","","","","","","","","","","","","","","","","","","","","","","","","","","3","3","","39","","","","","","","","","","","33","","","","","","38.7","","","","38.9","","","59.2","","","","","43.9","","44.3","","","","","",
"Guinea-Bissau","GNB","Diarrhea treatment (% of children under 5 who received ORS packet)","SH.STA.ORTH","","","","","","","","","","","","","","","","","","","","","","","","","","","1","1","","5","","","","","","","","","","","39","","","","","","23.4","","","","18.7","","","","35.1","","","","","30","","","","","","",
"Equatorial Guinea","GNQ","Diarrhea treatment (% of children under 5 who received ORS packet)","SH.STA.ORTH","","","","","","","","","","","","","","","","","","","","","","","","","","","12","21","","21","","","","","","","","","","","28.9","","","","","","","","","","","40.4","","","","","","","","","","","","","","",
"Greece","GRC","Diarrhea treatment (% of children under 5 who received ORS packet)","SH.STA.ORTH","","","","","","","","","","","","","","","","","","","","","","","","","","","","","","","","","","","","","","","","","","","","","","","","","","","","","","","","","","","","","","","","","","",
"Grenada","GRD","Diarrhea treatment (% of children under 5 who received ORS packet)","SH.STA.ORTH","","","","","","","","","","","","","","","","","","","","","","","","","","","","","","70","","","","","","","","","","","","","","","","","","","","","","","","","","","","","","","","","","","","",
"Greenland","GRL","Diarrhea treatment (% of children under 5 who received ORS packet)","SH.STA.ORTH","","","","","","","","","","","","","","","","","","","","","","","","","","","","","","","","","","","","","","","","","","","","","","","","","","","","","","","","","","","","","","","","","","",
"Guatemala","GTM","Diarrhea treatment (% of children under 5 who received ORS packet)","SH.STA.ORTH","","","","","","","","","","","","","","","","","","","","","","","","","","","5","17","","24","","","","","","21.5","","","","30.4","","","33.8","","","","","","","37.1","","","","","","48.8","","","","","","","","","","",
"Guam","GUM","Diarrhea treatment (% of children under 5 who received ORS packet)","SH.STA.ORTH","","","","","","","","","","","","","","","","","","","","","","","","","","","","","","","","","","","","","","","","","","","","","","","","","","","","","","","","","","","","","","","","","","",
"Guyana","GUY","Diarrhea treatment (% of children under 5 who received ORS packet)","SH.STA.ORTH","","","","","","","","","","","","","","","","","","","","","","","","","","","10","10","","10","","","","","","","","","","","34.1","","","","","","","39","","49.8","","","","","42.5","","","","","","39.6","","","","","",
"High income","HIC","Diarrhea treatment (% of children under 5 who received ORS packet)","SH.STA.ORTH","","","","","","","","","","","","","","","","","","","","","","","","","","","","","","","","","","","","","","","","","","","","","","","","","","","","","","","","","","","","","","","","","","",
"Hong Kong SAR, China","HKG","Diarrhea treatment (% of children under 5 who received ORS packet)","SH.STA.ORTH","","","","","","","","","","","","","","","","","","","","","","","","","","","","","","","","","","","","","","","","","","","","","","","","","","","","","","","","","","","","","","","","","","",
"Honduras","HND","Diarrhea treatment (% of children under 5 who received ORS packet)","SH.STA.ORTH","","","","","","","","","","","","","","","","","","","","","","","","","","","40","56","","66","","","","","","","29.8999996185303","","","","","","","","","","55.7","","","","","","59.7","","","","","","","52.9","","","","","","",
"Heavily indebted poor countries (HIPC)","HPC","Diarrhea treatment (% of children under 5 who received ORS packet)","SH.STA.ORTH","","","","","","","","","","","","","","","","","","","","","","","","","","","11.46820121773","18.4785364977773","","33.0019778718354","","","","","","","","","","","","","","","","","","","","","","","","","","","","","","","","","","","","",
"Croatia","HRV","Diarrhea treatment (% of children under 5 who received ORS packet)","SH.STA.ORTH","","","","","","","","","","","","","","","","","","","","","","","","","","","","","","","","","","","","","4.59999990463257","","","","","","","","","","","","","","","","","","","","","","","","","","","","","",
"Haiti","HTI","Diarrhea treatment (% of children under 5 who received ORS packet)","SH.STA.ORTH","","","","","","","","","","","","","","","","","","","","","","","","","","","9","16","","24","","","","","","25.7","","","","","34.8","","","","","","40.3","","","","","","52.9","","","","","39.3","","","","","","","","",
"Hungary","HUN","Diarrhea treatment (% of children under 5 who received ORS packet)","SH.STA.ORTH","","","","","","","","","","","","","","","","","","","","","","","","","","","","","","","","","","","","","","","","","","","","","","","","","","","","","","","","","","","","","","","","","","",
"IBRD only","IBD","Diarrhea treatment (% of children under 5 who received ORS packet)","SH.STA.ORTH","","","","","","","","","","","","","","","","","","","","","","","","","","","19.7015421579108","25.4296595793209","","34.265859877771","","","","","","","","","","","","","","","","","","","","","","","","","","","","","","","","","","","","",
"IDA & IBRD total","IBT","Diarrhea treatment (% of children under 5 who received ORS packet)","SH.STA.ORTH","","","","","","","","","","","","","","","","","","","","","","","","","","","20.2055266647143","24.8797172213261","","34.382353530061","","","","","","","","","","","","","","","","","","","","","","","","","","","","","","","","","","","","",
"IDA total","IDA","Diarrhea treatment (% of children under 5 who received ORS packet)","SH.STA.ORTH","","","","","","","","","","","","","","","","","","","","","","","","","","","21.5683396819659","23.3781954489155","","34.6919615290166","","","","","","","","","","","","","","","","","","","","","","","","","","","","","","","","","","","","",
"IDA blend","IDB","Diarrhea treatment (% of children under 5 who received ORS packet)","SH.STA.ORTH","","","","","","","","","","","","","","","","","","","","","","","","","","","23.6075191307562","28.9347182880664","","44.5929256843732","","","","","","","","","","","","","","","","","","","","","","","","35.8077312252533","","","","","37.3958494435669","","","","","","","",
"Indonesia","IDN","Diarrhea treatment (% of children under 5 who received ORS packet)","SH.STA.ORTH","","","","","","","","","","","","","","","","","","","","","","","","","","","20","72","","39","","43","","","45.1","","","47.7","","","43.2","","","35.5","","","","34.7","","","","","38.8","","","","","36.1","","","","","","","","",
"IDA only","IDX","Diarrhea treatment (% of children under 5 who received ORS packet)","SH.STA.ORTH","","","","","","","","","","","","","","","","","","","","","","","","","","","20.5334594587577","20.5441373102966","","29.5736243464285","","","","","","","","","","","","","","","","","","","","","","","","","","","","","","","","","","","","",
"Isle of Man","IMN","Diarrhea treatment (% of children under 5 who received ORS packet)","SH.STA.ORTH","","","","","","","","","","","","","","","","","","","","","","","","","","","29.1199308323382","42.9684303838975","","56.8526531478591","","","","","","","","","","","","","","","","","","","","","","","","","","","","","","","","","","","","",
"India","IND","Diarrhea treatment (% of children under 5 who received ORS packet)","SH.STA.ORTH","","","","","","","","","","","","","","","","","","","","","","","","","","","21","23","","13","","","","17.5","","","","","","26.8","","","","","","","26","","","","","","","","39.3","","50.6","","","","","60.6","","","","",
"Not classified","INX","Diarrhea treatment (% of children under 5 who received ORS packet)","SH.STA.ORTH","","","","","","","","","","","","","","","","","","","","","","","","","","","","","","","","","","","","","","","","","","","","","","","","","","","","","","","","","","","","","","","","","","",
"Ireland","IRL","Diarrhea treatment (% of children under 5 who received ORS packet)","SH.STA.ORTH","","","","","","","","","","","","","","","","","","","","","","","","","","","","","","","","","","","","","","","","","","","","","","","","","","","","","","","","","","","","","","","","","","",
"Iran, Islamic Rep.","IRN","Diarrhea treatment (% of children under 5 who received ORS packet)","SH.STA.ORTH","","","","","","","","","","","","","","","","","","","","","","","","","","","27","31","","71","","","","","","36.9000015258789","","","","","","","","","","","","","","","61.4","61.38","","","","","","","","","","","","","","",
"Iraq","IRQ","Diarrhea treatment (% of children under 5 who received ORS packet)","SH.STA.ORTH","","","","","","","","","","","","","","","","","","","","","","","","","","","31","51","","70","","","","","","","","","","","26.5","","","","","","30.7","","","","","22.8","","","","","","","25.4","","","","","","","",
"Iceland","ISL","Diarrhea treatment (% of children under 5 who received ORS packet)","SH.STA.ORTH","","","","","","","","","","","","","","","","","","","","","","","","","","","","","","","","","","","","","","","","","","","","","","","","","","","","","","","","","","","","","","","","","","",
"Israel","ISR","Diarrhea treatment (% of children under 5 who received ORS packet)","SH.STA.ORTH","","","","","","","","","","","","","","","","","","","","","","","","","","","","","","","","","","","","","","","","","","","","","","","","","","","","","","","","","","","","","","","","","","",
"Italy","ITA","Diarrhea treatment (% of children under 5 who received ORS packet)","SH.STA.ORTH","","","","","","","","","","","","","","","","","","","","","","","","","","","","","","","","","","","","","","","","","","","","","","","","","","","","","","","","","","","","","","","","","","",
"Jamaica","JAM","Diarrhea treatment (% of children under 5 who received ORS packet)","SH.STA.ORTH","","","","","","","","","","","","","","","","","","","","","","","","","","","6","6","","15","","","","","","","","","","","24.4","","","","","40.3","","","","","","64.1","","","","","","","","","","","","","","",
"Jordan","JOR","Diarrhea treatment (% of children under 5 who received ORS packet)","SH.STA.ORTH","","","","","","","","","","","","","","","","","","","","","","","","","","","32","47","","68","41.4","","","","","","","24","","","","","18.2","","","","","19.8","","","","","20.4","","","","","","44.4","","","","","","","",
"Japan","JPN","Diarrhea treatment (% of children under 5 who received ORS packet)","SH.STA.ORTH","","","","","","","","","","","","","","","","","","","","","","","","","","","","","","","","","","","","","","","","","","","","","","","","","","","","","","","","","","","","","","","","","","",
"Kazakhstan","KAZ","Diarrhea treatment (% of children under 5 who received ORS packet)","SH.STA.ORTH","","","","","","","","","","","","","","","","","","","","","","","","","","","","","","","","","","","","28.2","","","","32","","","","","","","74","","","","","61.8","","","","","","","","","","","","","","",
"Kenya","KEN","Diarrhea treatment (% of children under 5 who received ORS packet)","SH.STA.ORTH","","","","","","","","","","","","","","","","","","","","","","","","","","","23","26","","80","","","","31.6","","","","","36.9","","39.2","","","29.2","","","","","","71.5","","","","","53.8","","","","","","","","","","","",
"Kyrgyz Republic","KGZ","Diarrhea treatment (% of children under 5 who received ORS packet)","SH.STA.ORTH","","","","","","","","","","","","","","","","","","","","","","","","","","","","","","","","","","","","","","40.4","","","","","","","","","20.2","","","","","","35.4","","33.4","","","","36.4","","","","","","","",
"Cambodia","KHM","Diarrhea treatment (% of children under 5 who received ORS packet)","SH.STA.ORTH","","","","","","","","","","","","","","","","","","","","","","","","","","","16","6","","6","","","","","","","","","","","17.8","","","","","21.1","21.1","","","","34.1","34.1","","","35.2","","","","","","","","","","","",
"Kiribati","KIR","Diarrhea treatment (% of children under 5 who received ORS packet)","SH.STA.ORTH","","","","","","","","","","","","","","","","","","","","","","","","","","","19","19","","84","","","","","","","","","","","","","","","","","","","","61.5","","","","","","","","","","61.3","","","","","","",
"St. Kitts and Nevis","KNA","Diarrhea treatment (% of children under 5 who received ORS packet)","SH.STA.ORTH","","","","","","","","","","","","","","","","","","","","","","","","","","","2","2","","2","","","","","","","","","","","","","","","","","","","","","","","","","","","","","","","","","","","","",
"Korea, Rep.","KOR","Diarrhea treatment (% of children under 5 who received ORS packet)","SH.STA.ORTH","","","","","","","","","","","","","","","","","","","","","","","","","","","","","","","","","","","","","","","","","","","","","","","","","","","","","","","","","","","","","","","","","","",
"Kuwait","KWT","Diarrhea treatment (% of children under 5 who received ORS packet)","SH.STA.ORTH","","","","","","","","","","","","","","","","","","","","","","","","","","","10","10","","3","","","","","","","29.2000007629395","","","","","","","","","","","","","","","","","","","","","","","","","","","","","",
"Latin America & Caribbean (excluding high income)","LAC","Diarrhea treatment (% of children under 5 who received ORS packet)","SH.STA.ORTH","","","","","","","","","","","","","","","","","","","","","","","","","","","35.6731730606943","39.7631206581912","","51.2612939557503","","","","","","","","","","","","","","","","","","","","","","","","","","","","","","","","","","","","",
"Lao PDR","LAO","Diarrhea treatment (% of children under 5 who received ORS packet)","SH.STA.ORTH","","","","","","","","","","","","","","","","","","","","","","","","","","","4","20","","30","","","","","","","","","","","31.9","","","","","","46.2","","","","","","42.3","","","","","56.1","","","","","","","","",
"Lebanon","LBN","Diarrhea treatment (% of children under 5 who received ORS packet)","SH.STA.ORTH","","","","","","","","","","","","","","","","","","","","","","","","","","","4","10","","10","","","","","","","","","","","44.4","","","","","","","","","","","","","","","","","","","","","","","","","",
"Liberia","LBR","Diarrhea treatment (% of children under 5 who received ORS packet)","SH.STA.ORTH","","","","","","","","","","","","","","","","","","","","","","","","","","","6.5","9","","9","","","","","","","","","","","","","","","","","","53.1","","","","","","60.4","","","","","","","54.1","","","","","",
"Libya","LBY","Diarrhea treatment (% of children under 5 who received ORS packet)","SH.STA.ORTH","","","","","","","","","","","","","","","","","","","","","","","","","","","12","10","","60","","","","","","40.4000015258789","","","","","","","","","","","","","","","","","","","","","","","","","","","","","","",
"St. Lucia","LCA","Diarrhea treatment (% of children under 5 who received ORS packet)","SH.STA.ORTH","","","","","","","","","","","","","","","","","","","","","","","","","","","","75","","75","","","","","","","","","","","","","","","","","","","","","","","","","","","","","","","","","","","","",
"Latin America & Caribbean","LCN","Diarrhea treatment (% of children under 5 who received ORS packet)","SH.STA.ORTH","","","","","","","","","","","","","","","","","","","","","","","","","","","34.857444083096","39.4873561931072","","50.059169699255","","","","","","","","","","","","","","","","","","","","","","","","","","","","","","","","","","","","",
"Least developed countries: UN classification","LDC","Diarrhea treatment (% of children under 5 who received ORS packet)","SH.STA.ORTH","","","","","","","","","","","","","","","","","","","","","","","","","","","20.9366376348793","18.8481037295678","","27.5365429157025","","","","","","","","","","","","","","","","","","","","","","","","","","","","","","","","","","","","",
"Low income","LIC","Diarrhea treatment (% of children under 5 who received ORS packet)","SH.STA.ORTH","","","","","","","","","","","","","","","","","","","","","","","","","","","10.3894639082966","14.359342373457","","28.8840156648264","","","","","","","","","","","","","","","","","","","","","","","","","","","","","","","","","","","","",
"Liechtenstein","LIE","Diarrhea treatment (% of children under 5 who received ORS packet)","SH.STA.ORTH","","","","","","","","","","","","","","","","","","","","","","","","","","","","","","","","","","","","","","","","","","","","","","","","","","","","","","","","","","","","","","","","","","",
"Sri Lanka","LKA","Diarrhea treatment (% of children under 5 who received ORS packet)","SH.STA.ORTH","","","","","","","","","","","","","","","","","","","","","","","","","","","15","40","","58","","","","34.4000015258789","","","","","","","","","","","","","","51.1","","","","","","","","","54","","","","","","","","","",
"Lower middle income","LMC","Diarrhea treatment (% of children under 5 who received ORS packet)","SH.STA.ORTH","","","","","","","","","","","","","","","","","","","","","","","","","","","25.4638958153429","28.0492992712295","","27.5141010773444","","","","","","","","","","","","","","","","","29.5800590051626","","","","","","","","42.4924848199257","","","","","","","","","","","",
"Low & middle income","LMY","Diarrhea treatment (% of children under 5 who received ORS packet)","SH.STA.ORTH","","","","","","","","","","","","","","","","","","","","","","","","","","","20.2407106734973","24.8035448547922","","34.5144463800235","","","","","","","","","","","","","","","","","","","","","","","","","","","","","","","","","","","","",
"Lesotho","LSO","Diarrhea treatment (% of children under 5 who received ORS packet)","SH.STA.ORTH","","","","","","","","","","","","","","","","","","","","","","","","","","","","68","","68","","","","","","","35","","","","53.9","","","","41.9","41.9","","","","51.3","","","","","53.4","","","","39.7","","","","","","","",
"Late-demographic dividend","LTE","Diarrhea treatment (% of children under 5 who received ORS packet)","SH.STA.ORTH","","","","","","","","","","","","","","","","","","","","","","","","","","","12.8581932680845","14.3620669850336","","41.0604583920506","","","","","","","","","","","","","","","","","","","","","","","","","","","","","","","","","","","","",
"Lithuania","LTU","Diarrhea treatment (% of children under 5 who received ORS packet)","SH.STA.ORTH","","","","","","","","","","","","","","","","","","","","","","","","","","","","","","","","","","","","","","","","","","","","","","","","","","","","","","","","","","","","","","","","","","",
"Luxembourg","LUX","Diarrhea treatment (% of children under 5 who received ORS packet)","SH.STA.ORTH","","","","","","","","","","","","","","","","","","","","","","","","","","","","","","","","","","","","","","","","","","","","","","","","","","","","","","","","","","","","","","","","","","",
"Latvia","LVA","Diarrhea treatment (% of children under 5 who received ORS packet)","SH.STA.ORTH","","","","","","","","","","","","","","","","","","","","","","","","","","","","","","","","","","","","","","","","","","","","","","","","","","","","","","","","","","","","","","","","","","",
"Macao SAR, China","MAC","Diarrhea treatment (% of children under 5 who received ORS packet)","SH.STA.ORTH","","","","","","","","","","","","","","","","","","","","","","","","","","","","","","","","","","","","","","","","","","","","","","","","","","","","","","","","","","","","","","","","","","",
"St. Martin (French part)","MAF","Diarrhea treatment (% of children under 5 who received ORS packet)","SH.STA.ORTH","","","","","","","","","","","","","","","","","","","","","","","","","","","","","","","","","","","","","","","","","","","","","","","","","","","","","","","","","","","","","","","","","","",
"Morocco","MAR","Diarrhea treatment (% of children under 5 who received ORS packet)","SH.STA.ORTH","","","","","","","","","","","","","","","","","","","","","","","","","","","15","44","","14","","","13.9","","","28.2","","","","","","","","","22.9","","","","","","","22.1","","","","","","","","","","","","","","",
"Monaco","MCO","Diarrhea treatment (% of children under 5 who received ORS packet)","SH.STA.ORTH","","","","","","","","","","","","","","","","","","","","","","","","","","","","","","","","","","","","","","","","","","","","","","","","","","","","","","","","","","","","","","","","","","",
"Moldova","MDA","Diarrhea treatment (% of children under 5 who received ORS packet)","SH.STA.ORTH","","","","","","","","","","","","","","","","","","","","","","","","","","","","","","","","","","","","","","","","","7.5","","","","","33.3","","","","","","","41.5","","","","","","","","","","","","","",
"Madagascar","MDG","Diarrhea treatment (% of children under 5 who received ORS packet)","SH.STA.ORTH","","","","","","","","","","","","","","","","","","","","","","","","","","","12","2","","11","","","14.2","","","","","23.1","","","10.4","","","","12.4","","","","","16.9","","","","14.6","","","","","18.7","","","19.6","","","","",
"Maldives","MDV","Diarrhea treatment (% of children under 5 who received ORS packet)","SH.STA.ORTH","","","","","","","","","","","","","","","","","","","","","","","","","","","12","12","","27","","","","","","","51.2000007629395","","","","","","","","","","","","","57","","","","","","","","74.8","","","","","","","","",
"Middle East, North Africa, Afghanistan & Pakistan","MEA","Diarrhea treatment (% of children under 5 who received ORS packet)","SH.STA.ORTH","","","","","","","","","","","","","","","","","","","","","","","","","","","30.3890070017352","41.1781448173306","","49.6309857192249","","","","","","41.790830657067","","","","","","","","","","","","","","","","","","","","","","","","","","","","","","",
"Mexico","MEX","Diarrhea treatment (% of children under 5 who received ORS packet)","SH.STA.ORTH","","","","","","","","","","","","","","","","","","","","","","","","","","","75","72","","72","","","","41.9000015258789","","","","80.5","","","","","","","","","","","","","","","52.3","","","61.4","","","","","","","","","","",
"Marshall Islands","MHL","Diarrhea treatment (% of children under 5 who received ORS packet)","SH.STA.ORTH","","","","","","","","","","","","","","","","","","","","","","","","","","","","","","","","","","","","","","","","","","","","","","","","38.2","","","","","","","","","","","","","","","","","","",
"Middle income","MIC","Diarrhea treatment (% of children under 5 who received ORS packet)","SH.STA.ORTH","","","","","","","","","","","","","","","","","","","","","","","","","","","21.1015702275613","25.7096975839052","","35.0199027307587","","","","","","","","","","","","","","","","","","","","","","","","","","","","","","","","","","","","",
"North Macedonia","MKD","Diarrhea treatment (% of children under 5 who received ORS packet)","SH.STA.ORTH","","","","","","","","","","","","","","","","","","","","","","","","","","","","","","","","","","","","","30.7999992370605","","","","","","","","","","24","","","","","62","","","","","","","","","","","","","","",
"Mali","MLI","Diarrhea treatment (% of children under 5 who received ORS packet)","SH.STA.ORTH","","","","","","","","","","","","","","","","","","","","","","","","","","","2","3","","41","","","","","","","15.7","","","","","12","","","","","14","","","","17.8","","","36.8","","20.9","","","21.4","","","","","","","",
"Malta","MLT","Diarrhea treatment (% of children under 5 who received ORS packet)","SH.STA.ORTH","","","","","","","","","","","","","","","","","","","","","","","","","","","","","","","","","","","","","","","","","","","","","","","","","","","","","","","","","","","","","","","","","","",
"Myanmar","MMR","Diarrhea treatment (% of children under 5 who received ORS packet)","SH.STA.ORTH","","","","","","","","","","","","","","","","","","","","","","","","","","","21","21","","19","","","","","","","","","","","44.9","","","53.1","","","","","","","60.6","","","","","","61.9","","","","","","","","","",
"Middle East, North Africa, Afghanistan & Pakistan (excluding high income)","MNA","Diarrhea treatment (% of children under 5 who received ORS packet)","SH.STA.ORTH","","","","","","","","","","","","","","","","","","","","","","","","","","","30.6957956776153","41.494780788173","","50.3144524146606","","","","","","41.8097160193549","","","","","","","","","","","","","","","","","","","","","","","","","","","","","","",
"Montenegro","MNE","Diarrhea treatment (% of children under 5 who received ORS packet)","SH.STA.ORTH","","","","","","","","","","","","","","","","","","","","","","","","","","","","","","","","","","","","","","","","","","","","","","","16.3","","","","","","","","","","","","","","","","","","","",
"Mongolia","MNG","Diarrhea treatment (% of children under 5 who received ORS packet)","SH.STA.ORTH","","","","","","","","","","","","","","","","","","","","","","","","","","","5","59","","59","","","","","","","","","","","55.9","","","","","38","","","","","30.6","","","41.8","41.8","","","","58.2","","","","","","","",
"Northern Mariana Islands","MNP","Diarrhea treatment (% of children under 5 who received ORS packet)","SH.STA.ORTH","","","","","","","","","","","","","","","","","","","","","","","","","","","","","","","","","","","","","","","","","","","","","","","","","","","","","","","","","","","","","","","","","","",
"Mozambique","MOZ","Diarrhea treatment (% of children under 5 who received ORS packet)","SH.STA.ORTH","","","","","","","","","","","","","","","","","","","","","","","","","","","14","14","","30","","","","","","","","41.9","","","","","","48.5","","","","","45.7","","","55","","","","45.9","","","","","","","","","","",
"Mauritania","MRT","Diarrhea treatment (% of children under 5 who received ORS packet)","SH.STA.ORTH","","","","","","","","","","","","","","","","","","","","","","","","","","","2","2","","54","","","","","","","13.8999996185303","","","","","22.6","","","","","","20.1","","","","18.8","","","","25.4","","","","","","19.5","","","","",
"Mauritius","MUS","Diarrhea treatment (% of children under 5 who received ORS packet)","SH.STA.ORTH","","","","","","","","","","","","","","","","","","","","","","","","","","","4","4","","7","","","","","","","","","","","","","","","","","","","","","","","","","","","","","","","","","","","","",
"Malawi","MWI","Diarrhea treatment (% of children under 5 who received ORS packet)","SH.STA.ORTH","","","","","","","","","","","","","","","","","","","","","","","","","","","10","42","","14","","","43.2","","","","49.7000007629395","","","","47.9","","","","61.1","61.1","55.2","","","","69","","","","63.5","","64.7","","","","51.4","","","","","",
"Malaysia","MYS","Diarrhea treatment (% of children under 5 who received ORS packet)","SH.STA.ORTH","","","","","","","","","","","","","","","","","","","","","","","","","","","7","11","","20","","","","","","","","","","","","","","","","","","","","","","","","","","","45","","","","","","","","","",
"North America","NAC","Diarrhea treatment (% of children under 5 who received ORS packet)","SH.STA.ORTH","","","","","","","","","","","","","","","","","","","","","","","","","","","","","","","","","","","","","","","","","","","","","","","","","","","","","","","","","","","","","","","","","","",
"Namibia","NAM","Diarrhea treatment (% of children under 5 who received ORS packet)","SH.STA.ORTH","","","","","","","","","","","","","","","","","","","","","","","","","","","","","","","","","63.2","","","","","","","","61.1","","","","","","","63.1","","","","","","71.6","","","","","","","","","","","","",
"New Caledonia","NCL","Diarrhea treatment (% of children under 5 who received ORS packet)","SH.STA.ORTH","","","","","","","","","","","","","","","","","","","","","","","","","","","","","","","","","","","","","","","","","","","","","","","","","","","","","","","","","","","","","","","","","","",
"Niger","NER","Diarrhea treatment (% of children under 5 who received ORS packet)","SH.STA.ORTH","","","","","","","","","","","","","","","","","","","","","","","","","","","1","24","","54","","","10.4","","","","","","19.6","","14.3","","","","","","17.6","","","","","","44.3","","","40.8","","","","","","","","","","",
"Nigeria","NGA","Diarrhea treatment (% of children under 5 who received ORS packet)","SH.STA.ORTH","","","","","","","","","","","","","","","","","","","","","","","","","","","18","20","","35","11.7","","","","","","","","","34.3","","","","18.2","","","","","25.5","","","26","","33.7","","","","36.8","40","","","","","","","",
"Nicaragua","NIC","Diarrhea treatment (% of children under 5 who received ORS packet)","SH.STA.ORTH","","","","","","","","","","","","","","","","","","","","","","","","","","","23","23","","38","","","","","","","","","55.7","","","50","","","","","","58.6","","","","","95.4","","","","","","","","","","","","","",
"Netherlands","NLD","Diarrhea treatment (% of children under 5 who received ORS packet)","SH.STA.ORTH","","","","","","","","","","","","","","","","","","","","","","","","","","","","","","","","","","","","","","","","","","","","","","","","","","","","","","","","","","","","","","","","","","",
"Norway","NOR","Diarrhea treatment (% of children under 5 who received ORS packet)","SH.STA.ORTH","","","","","","","","","","","","","","","","","","","","","","","","","","","","","","","","","","","","","","","","","","","","","","","","","","","","","","","","","","","","","","","","","","",
"Nepal","NPL","Diarrhea treatment (% of children under 5 who received ORS packet)","SH.STA.ORTH","","","","","","","","","","","","","","","","","","","","","","","","","","","25","23","","14","","","","","","","25.9","","","","","32.2","","","","","29.3","","","","","39","","","44","","37","37","","59.5","","","","","","",
"Nauru","NRU","Diarrhea treatment (% of children under 5 who received ORS packet)","SH.STA.ORTH","","","","","","","","","","","","","","","","","","","","","","","","","","","","","","","","","","","","","","","","","","","","","","","","23.3","","","","","","","","","","","","","","","","","","",
"New Zealand","NZL","Diarrhea treatment (% of children under 5 who received ORS packet)","SH.STA.ORTH","","","","","","","","","","","","","","","","","","","","","","","","","","","","","","","","","","","","","","","","","","","","","","","","","","","","","","","","","","","","","","","","","","",
"OECD members","OED","Diarrhea treatment (% of children under 5 who received ORS packet)","SH.STA.ORTH","","","","","","","","","","","","","","","","","","","","","","","","","","","","","","","","","","","","","","","","","","","","","","","","","","","","","","","","","","","","","","","","","","",
"Oman","OMN","Diarrhea treatment (% of children under 5 who received ORS packet)","SH.STA.ORTH","","","","","","","","","","","","","","","","","","","","","","","","","","","19","19","","19","","","","","","","82","","","","","","","","","","","","","","","","","","58.7","","","","","","","","","","","",
"Other small states","OSS","Diarrhea treatment (% of children under 5 who received ORS packet)","SH.STA.ORTH","","","","","","","","","","","","","","","","","","","","","","","","","","","","","","","","","","","","","","","","","","","","","","","","","","","","","","","","","","","","","","","","","","",
"Pakistan","PAK","Diarrhea treatment (% of children under 5 who received ORS packet)","SH.STA.ORTH","","","","","","","","","","","","","","","","","","","","","","","","","","","34","42","","42","","38.5","","","","46","","","","","","","","","","","","41.1","","","","","","38","","","","","37.4","","","","","","","",
"Panama","PAN","Diarrhea treatment (% of children under 5 who received ORS packet)","SH.STA.ORTH","","","","","","","","","","","","","","","","","","","","","","","","","","","34","34","","29","","","","","","","34.7999992370605","","","","","","","","","","","","","","","","","52.4","","","","","","","","","","","","",
"Peru","PER","Diarrhea treatment (% of children under 5 who received ORS packet)","SH.STA.ORTH","","","","","","","","","","","","","","","","","","","","","","","","","","","6","18","","25","","","19.8","","","","26","","","","21.9","","","","","","25","","29.7","32","32.2","29.8","30.9","29.5","28.2","32","34.6","32.5","33.5","33.6","22.4","","","","","",
"Philippines","PHL","Diarrhea treatment (% of children under 5 who received ORS packet)","SH.STA.ORTH","","","","","","","","","","","","","","","","","","","","","","","","","","","25","24","","25","","","","27.1","","","","","43.4","","","","","42.2","","","","","46.5","","","55.3","","49.1","","","","44.8","","","","","","","","",
"Palau","PLW","Diarrhea treatment (% of children under 5 who received ORS packet)","SH.STA.ORTH","","","","","","","","","","","","","","","","","","","","","","","","","","","","","","","","","","","","","","","","","","","","","","","","","","","","","","","","","","","","","","","","","","",
"Papua New Guinea","PNG","Diarrhea treatment (% of children under 5 who received ORS packet)","SH.STA.ORTH","","","","","","","","","","","","","","","","","","","","","","","","","","","5","20","","46","","","","","","","16.7000007629395","","","","","","","","","","","","","","","","","","","","","","30","","","","","","","",
"Poland","POL","Diarrhea treatment (% of children under 5 who received ORS packet)","SH.STA.ORTH","","","","","","","","","","","","","","","","","","","","","","","","","","","","","","","","","","","","","","","","","","","","","","","","","","","","","","","","","","","","","","","","","","",
"Pre-demographic dividend","PRE","Diarrhea treatment (% of children under 5 who received ORS packet)","SH.STA.ORTH","","","","","","","","","","","","","","","","","","","","","","","","","","","14.1275640868365","18.2099075586371","","37.1011370854516","","","","","","","","","","","","","","","","","","","","","","","","","","","","","","","","","","","","",
"Puerto Rico (US)","PRI","Diarrhea treatment (% of children under 5 who received ORS packet)","SH.STA.ORTH","","","","","","","","","","","","","","","","","","","","","","","","","","","","","","","","","","","","","","","","","","","","","","","","","","","","","","","","","","","","","","","","","","",
"Korea, Dem. People's Rep.","PRK","Diarrhea treatment (% of children under 5 who received ORS packet)","SH.STA.ORTH","","","","","","","","","","","","","","","","","","","","","","","","","","","0","0","","52","","","","","","","","","81.1999969482422","","","","","","","","","","","74","","","","","","","","74.1","","","","","","","","",
"Portugal","PRT","Diarrhea treatment (% of children under 5 who received ORS packet)","SH.STA.ORTH","","","","","","","","","","","","","","","","","","","","","","","","","","","","","","","","","","","","","","","","","","","","","","","","","","","","","","","","","","","","","","","","","","",
"Paraguay","PRY","Diarrhea treatment (% of children under 5 who received ORS packet)","SH.STA.ORTH","","","","","","","","","","","","","","","","","","","","","","","","","","","17","36","","52","24","","","","","","21.1000003814697","","","","","","","","","","","","","","","","","","","","28.2","","","","","","","","","",
"West Bank and Gaza","PSE","Diarrhea treatment (% of children under 5 who received ORS packet)","SH.STA.ORTH","","","","","","","","","","","","","","","","","","","","","","","","","","","","","","","","","","","","","","","","","","","","","","","","","","","31.4","","","","31.5","","","","","","34.5","","","","","",
"Pacific island small states","PSS","Diarrhea treatment (% of children under 5 who received ORS packet)","SH.STA.ORTH","","","","","","","","","","","","","","","","","","","","","","","","","","","","29.5118714984871","","39.5931191360666","","","","","","","","","","","","","","","","","","","","","","","","","","","","","","","","","","","","",
"Post-demographic dividend","PST","Diarrhea treatment (% of children under 5 who received ORS packet)","SH.STA.ORTH","","","","","","","","","","","","","","","","","","","","","","","","","","","","","","","","","","","","","","","","","","","","","","","","","","","","","","","","","","","","","","","","","","",
"French Polynesia","PYF","Diarrhea treatment (% of children under 5 who received ORS packet)","SH.STA.ORTH","","","","","","","","","","","","","","","","","","","","","","","","","","","","","","","","","","","","","","","","","","","","","","","","","","","","","","","","","","","","","","","","","","",
"Qatar","QAT","Diarrhea treatment (% of children under 5 who received ORS packet)","SH.STA.ORTH","","","","","","","","","","","","","","","","","","","","","","","","","","","15","15","","15","","","","","","","","","21.1000003814697","","","","","","","","","","","","","","","","","","","","","","","","","","","",
"Romania","ROU","Diarrhea treatment (% of children under 5 who received ORS packet)","SH.STA.ORTH","","","","","","","","","","","","","","","","","","","","","","","","","","","","","","","","","","","","","","","","","","","","","","","","","","","","","","","","","","","","","","","","","","",
"Russian Federation","RUS","Diarrhea treatment (% of children under 5 who received ORS packet)","SH.STA.ORTH","","","","","","","","","","","","","","","","","","","","","","","","","","","","","","","","","","","","","","","","","","","","","","","","","","","","","","","","","","","","","","","","","","",
"Rwanda","RWA","Diarrhea treatment (% of children under 5 who received ORS packet)","SH.STA.ORTH","","","","","","","","","","","","","","","","","","","","","","","","","","","8","24","","24","","","27.6","","","","","","","","13.6","","","","","11.6","","","21.3","","29.1","29.1","","","","27.5","","","","","28","","","","","",
"South Asia","SAS","Diarrhea treatment (% of children under 5 who received ORS packet)","SH.STA.ORTH","","","","","","","","","","","","","","","","","","","","","","","","","","","24.709541216851","23.5805470125362","","15.1058197020969","","","","17.7150154934604","","","","","","26.8","","","","","","","30.5515930475031","","","","","","","","43.4517408991452","","50.3325316216445","","","","","60.6","","","","",
"Saudi Arabia","SAU","Diarrhea treatment (% of children under 5 who received ORS packet)","SH.STA.ORTH","","","","","","","","","","","","","","","","","","","","","","","","","","","28","43","","45","","","","","","","52.0999984741211","","","","","","","","","","","","","","","","","","","","","","","","","","","","","",
"Sudan","SDN","Diarrhea treatment (% of children under 5 who received ORS packet)","SH.STA.ORTH","","","","","","","","","","","","","","","","","","","","","","","","","","","8","25","","36","","","","","","17.1700000762939","","","","","27.4","","","","","","31.3","","","","22","","","","19.6","","","","","","","","","","","",
"Senegal","SEN","Diarrhea treatment (% of children under 5 who received ORS packet)","SH.STA.ORTH","","","","","","","","","","","","","","","","","","","","","","","","","","","3","9","","27","","","","6.6","","","11","15.1","","","13","","","","","15","","","","","","22.4","","17.2","22.6","31.6","20.5","27.9","30.3","26","","","","","","",
"Singapore","SGP","Diarrhea treatment (% of children under 5 who received ORS packet)","SH.STA.ORTH","","","","","","","","","","","","","","","","","","","","","","","","","","","","","","","","","","","","","","","","","","","","","","","","","","","","","","","","","","","","","","","","","","",
"Solomon Islands","SLB","Diarrhea treatment (% of children under 5 who received ORS packet)","SH.STA.ORTH","","","","","","","","","","","","","","","","","","","","","","","","","","","15","75","","77","","","","","","","","","","","","","","","","","","37.7","","","","","","","","36.6","","","","","","","","","","",
"Sierra Leone","SLE","Diarrhea treatment (% of children under 5 who received ORS packet)","SH.STA.ORTH","","","","","","","","","","","","","","","","","","","","","","","","","","","31","31","","55","","","","","","","","","","","41.5","","","","","54","","","68","","72.6","","","85.1","","","","77.7","","85.3","","","","","","",
"El Salvador","SLV","Diarrhea treatment (% of children under 5 who received ORS packet)","SH.STA.ORTH","","","","","","","","","","","","","","","","","","","","","","","","","","","15","26","","45","","","","","","","","","46.5999984741211","","","","","51.4","","","","","57.6","","","","","","69.8","","","","","","","","","","","",
"San Marino","SMR","Diarrhea treatment (% of children under 5 who received ORS packet)","SH.STA.ORTH","","","","","","","","","","","","","","","","","","","","","","","","","","","","","","","","","","","","","","","","","","","","","","","","","","","","","","","","","","","","","","","","","","",
"Somalia, Fed. Rep.","SOM","Diarrhea treatment (% of children under 5 who received ORS packet)","SH.STA.ORTH","","","","","","","","","","","","","","","","","","","","","","","","","","","5","12","","7","","","","","","","","","","29.8","29.8","","","","","","13.2","","","","","","","","","","","","","","","","","","","",
"Serbia","SRB","Diarrhea treatment (% of children under 5 who received ORS packet)","SH.STA.ORTH","","","","","","","","","","","","","","","","","","","","","","","","","","","","","","","","","","","","","","","","","","","","","","","17","","","","36","","","","","","","","","","","","","","","",
"Sub-Saharan Africa (excluding high income)","SSA","Diarrhea treatment (% of children under 5 who received ORS packet)","SH.STA.ORTH","","","","","","","","","","","","","","","","","","","","","","","","","","","12.9252151463365","18.2838888774627","","36.8673552493082","","","","","","","","","","","","","","","","","","","","","","","","","","","","","","","","","","","","",
"South Sudan","SSD","Diarrhea treatment (% of children under 5 who received ORS packet)","SH.STA.ORTH","","","","","","","","","","","","","","","","","","","","","","","","","","","","","","","","","","","","","","","","","","","","","","","","","","","38.6","","","","","","","","","","","","","","","",
"Sub-Saharan Africa","SSF","Diarrhea treatment (% of children under 5 who received ORS packet)","SH.STA.ORTH","","","","","","","","","","","","","","","","","","","","","","","","","","","12.7356891304162","18.7529444698486","","36.3622695960953","","","","","","","","","","","","","","","","","","","","","","","","","","","","","","","","","","","","",
"Small states","SST","Diarrhea treatment (% of children under 5 who received ORS packet)","SH.STA.ORTH","","","","","","","","","","","","","","","","","","","","","","","","","","","","","","43.8448061929279","","","","","","","","","","","","","","","","","","","","","","","","","","","","","","","","","","","","",
"Sao Tome and Principe","STP","Diarrhea treatment (% of children under 5 who received ORS packet)","SH.STA.ORTH","","","","","","","","","","","","","","","","","","","","","","","","","","","26","46","","46","","","","","","","","","","","31.1","","","","","","31.4","","","49","","","","","49.1","","","","","41.6","","","","","","",
"Suriname","SUR","Diarrhea treatment (% of children under 5 who received ORS packet)","SH.STA.ORTH","","","","","","","","","","","","","","","","","","","","","","","","","","","34","34","","47","","","","","","","","","","","35.5","","","","","","43.6","","","","42.4","","","","","","","","45.6","","","","","","","",
"Slovak Republic","SVK","Diarrhea treatment (% of children under 5 who received ORS packet)","SH.STA.ORTH","","","","","","","","","","","","","","","","","","","","","","","","","","","","","","","","","","","","","","","","","","","","","","","","","","","","","","","","","","","","","","","","","","",
"Slovenia","SVN","Diarrhea treatment (% of children under 5 who received ORS packet)","SH.STA.ORTH","","","","","","","","","","","","","","","","","","","","","","","","","","","","","","","","","","","","","","","","","","","","","","","","","","","","","","","","","","","","","","","","","","",
"Sweden","SWE","Diarrhea treatment (% of children under 5 who received ORS packet)","SH.STA.ORTH","","","","","","","","","","","","","","","","","","","","","","","","","","","","","","","","","","","","","","","","","","","","","","","","","","","","","","","","","","","","","","","","","","",
"Eswatini","SWZ","Diarrhea treatment (% of children under 5 who received ORS packet)","SH.STA.ORTH","","","","","","","","","","","","","","","","","","","","","","","","","","","","","","85","","","","","","","63","","","","66.3","","","","","","","85.5","","","57","","","","84","","","","","","","","","","","",
"Sint Maarten (Dutch part)","SXM","Diarrhea treatment (% of children under 5 who received ORS packet)","SH.STA.ORTH","","","","","","","","","","","","","","","","","","","","","","","","","","","","","","","","","","","","","","","","","","","","","","","","","","","","","","","","","","","","","","","","","","",
"Seychelles","SYC","Diarrhea treatment (% of children under 5 who received ORS packet)","SH.STA.ORTH","","","","","","","","","","","","","","","","","","","","","","","","","","","","","","88","","","","","","","","","","","","","","","","","","","","","","","","","","","","","","","","","","","","",
"Syrian Arab Republic","SYR","Diarrhea treatment (% of children under 5 who received ORS packet)","SH.STA.ORTH","","","","","","","","","","","","","","","","","","","","","","","","","","","9","31","","67","","","","29","","","","","","","","","","","","","49.8","","","","","","","","","","","","","","","","","","","",
"Turks and Caicos Islands","TCA","Diarrhea treatment (% of children under 5 who received ORS packet)","SH.STA.ORTH","","","","","","","","","","","","","","","","","","","","","","","","","","","","","","","","","","","","","","","","","","","","","","","","","","","","","","","","","","","","","","","","","","",
"Chad","TCD","Diarrhea treatment (% of children under 5 who received ORS packet)","SH.STA.ORTH","","","","","","","","","","","","","","","","","","","","","","","","","","7","2","2","","10","","","","","","","","23.4","","","15.6","","","","15.1","","","","","","13.3","","","","","20.4","","","","17.4","","","","","","",
"East Asia & Pacific (IDA & IBRD countries)","TEA","Diarrhea treatment (% of children under 5 who received ORS packet)","SH.STA.ORTH","","","","","","","","","","","","","","","","","","","","","","","","","","","11.7634528276419","18.8810195290958","","39.1719448259791","","","","","17.0382530630626","","","","","","","","","","","","","","","","","","","","","","","","","","","","","","","",
"Europe & Central Asia (IDA & IBRD countries)","TEC","Diarrhea treatment (% of children under 5 who received ORS packet)","SH.STA.ORTH","","","","","","","","","","","","","","","","","","","","","","","","","","","","","","","","","","","","","","","","","","","","","","","","","","","","","","","","","","","","","","","","","","",
"Togo","TGO","Diarrhea treatment (% of children under 5 who received ORS packet)","SH.STA.ORTH","","","","","","","","","","","","","","","","","","","","","","","","","","","9","19","","33","","","","","","","","","17.1","","12.9","","","","","","10.2","","","","11.3","","","","18.5","","","13.6","","","","","","","","",
"Thailand","THA","Diarrhea treatment (% of children under 5 who received ORS packet)","SH.STA.ORTH","","","","","","","","","","","","","","","","","","","","","","","","","","","31","30","","40","","","","","","73.3000030517578","","","","","","","","","","","56.6","","","","","","57.8","57.8","","","72.5","","","","","","","","","",
"Tajikistan","TJK","Diarrhea treatment (% of children under 5 who received ORS packet)","SH.STA.ORTH","","","","","","","","","","","","","","","","","","","","","","","","","","","","","","","","","","","","","","","","","35.3","","","","","48.4","","","","72.6","","","60.3","","","","","61.7","","","","","","","","",
"Turkmenistan","TKM","Diarrhea treatment (% of children under 5 who received ORS packet)","SH.STA.ORTH","","","","","","","","","","","","","","","","","","","","","","","","","","","","","","","","","","","","57.7000007629395","","","","","46.7","","","","","","40.1","","","","","","","","","","47.1","","","","","","","","","",
"Latin America & the Caribbean (IDA & IBRD countries)","TLA","Diarrhea treatment (% of children under 5 who received ORS packet)","SH.STA.ORTH","","","","","","","","","","","","","","","","","","","","","","","","","","","35.0824397828917","39.0106453923228","","49.6620573321465","","","","","","","","","","","","","","","","","","","","","","","","","","","","","","","","","","","","",
"Timor-Leste","TLS","Diarrhea treatment (% of children under 5 who received ORS packet)","SH.STA.ORTH","","","","","","","","","","","","","","","","","","","","","","","","","","","","","","","","","","","","","","","","","","","","59.6","","","","","","","71","","","","","","69.9","","","","","","","","","",
"Middle East, North Africa, Afghanistan & Pakistan (IDA & IBRD)","TMN","Diarrhea treatment (% of children under 5 who received ORS packet)","SH.STA.ORTH","","","","","","","","","","","","","","","","","","","","","","","","","","","30.6957956776153","41.494780788173","","50.3144524146606","","","","","","41.8097160193549","","","","","","","","","","","","","","","","","","","","","","","","","","","","","","",
"Tonga","TON","Diarrhea treatment (% of children under 5 who received ORS packet)","SH.STA.ORTH","","","","","","","","","","","","","","","","","","","","","","","","","","","13","13","","30","","","","","","","","","","","","","","","","","","","","","","","","","","","","","","","","","","","","",
"South Asia (IDA & IBRD)","TSA","Diarrhea treatment (% of children under 5 who received ORS packet)","SH.STA.ORTH","","","","","","","","","","","","","","","","","","","","","","","","","","","24.709541216851","23.5805470125362","","15.1058197020969","","","","17.7150154934604","","","","","","26.8","","","","","","","30.5515930475031","","","","","","","","43.4517408991452","","50.3325316216445","","","","","60.6","","","","",
"Sub-Saharan Africa (IDA & IBRD countries)","TSS","Diarrhea treatment (% of children under 5 who received ORS packet)","SH.STA.ORTH","","","","","","","","","","","","","","","","","","","","","","","","","","","12.7356891304161","18.7529444698486","","36.3622695960953","","","","","","","","","","","","","","","","","","","","","","","","","","","","","","","","","","","","",
"Trinidad and Tobago","TTO","Diarrhea treatment (% of children under 5 who received ORS packet)","SH.STA.ORTH","","","","","","","","","","","","","","","","","","","","","","","","","","","56","53.1","","60","","","","","","","","","","","","","","","","","","","","","","45.4","","","","","","","","","","","","","","",
"Tunisia","TUN","Diarrhea treatment (% of children under 5 who received ORS packet)","SH.STA.ORTH","","","","","","","","","","","","","","","","","","","","","","","","","","","27","50","","63","","","","","","","","","","","31.5","","","","","","54.6","","","","","","65.1","","","","","","39.6","","","","","","","",
"Turkiye","TUR","Diarrhea treatment (% of children under 5 who received ORS packet)","SH.STA.ORTH","","","","","","","","","","","","","","","","","","","","","","","","","","","","26","","","","","","11.3","","","","","14.3","","","","","","","","","","","","","","","","","","","","","","","","","","","",
"Tuvalu","TUV","Diarrhea treatment (% of children under 5 who received ORS packet)","SH.STA.ORTH","","","","","","","","","","","","","","","","","","","","","","","","","","","","","","","","","","","","","","","","","","","","","","","","43.5","","","","","","","","","","","","","45.7","","","","","",
"Tanzania","TZA","Diarrhea treatment (% of children under 5 who received ORS packet)","SH.STA.ORTH","","","","","","","","","","","","","","","","","","","","","","","","","","","14","14","","37","","","57.2","","","","48.3","","","54.9","","","","","","53.9","","","","","44","","","","","","44.8","","","","","","","","","",
"Uganda","UGA","Diarrhea treatment (% of children under 5 who received ORS packet)","SH.STA.ORTH","","","","","","","","","","","","","","","","","","","","","","","","","","","5","5","","15","","","","","","48.2","","","","","","33.5","","","","","39.6","","","","","43.5","","","","","46.7","","","","","","","","","",
"Ukraine","UKR","Diarrhea treatment (% of children under 5 who received ORS packet)","SH.STA.ORTH","","","","","","","","","","","","","","","","","","","","","","","","","","","","","","","","","","","","","","","","","","","","","","","","","","","","","59.2","","","","","","","","","","","","","",
"Upper middle income","UMC","Diarrhea treatment (% of children under 5 who received ORS packet)","SH.STA.ORTH","","","","","","","","","","","","","","","","","","","","","","","","","","","15.9733183909222","23.0432863027182","","43.7841532579176","","","","","","","","","","","","","","","","","","","","","","","","","","","","","","","","","","","","",
"Uruguay","URY","Diarrhea treatment (% of children under 5 who received ORS packet)","SH.STA.ORTH","","","","","","","","","","","","","","","","","","","","","","","","","","","21","56","","86","","","","","","","","","","","","","","","","","","","","","","","","","","","","","","","","","","","","",
"United States","USA","Diarrhea treatment (% of children under 5 who received ORS packet)","SH.STA.ORTH","","","","","","","","","","","","","","","","","","","","","","","","","","","","","","","","","","","","","","","","","","","","","","","","","","","","","","","","","","","","","","","","","","",
"Uzbekistan","UZB","Diarrhea treatment (% of children under 5 who received ORS packet)","SH.STA.ORTH","","","","","","","","","","","","","","","","","","","","","","","","","","","","","","","","","","","","","31.3","","","","32","","","","","","27.8","","","","","","","","","","","","","","","","","","","",
"St. Vincent and the Grenadines","VCT","Diarrhea treatment (% of children under 5 who received ORS packet)","SH.STA.ORTH","","","","","","","","","","","","","","","","","","","","","","","","","","","","","","98","","","","","","","","","","","","","","","","","","","","","","","","","","","","","","","","","","","","",
"Venezuela, RB","VEN","Diarrhea treatment (% of children under 5 who received ORS packet)","SH.STA.ORTH","","","","","","","","","","","","","","","","","","","","","","","","","","","18","28","","49","","","","","","","","","","","37.7","","","","","","","","","","","","","","","","","","","","","","","","","",
"British Virgin Islands","VGB","Diarrhea treatment (% of children under 5 who received ORS packet)","SH.STA.ORTH","","","","","","","","","","","","","","","","","","","","","","","","","","","","","","","","","","","","","","","","","","","","","","","","","","","","","","","","","","","","","","","","","","",
"Virgin Islands (U.S.)","VIR","Diarrhea treatment (% of children under 5 who received ORS packet)","SH.STA.ORTH","","","","","","","","","","","","","","","","","","","","","","","","","","","","","","","","","","","","","","","","","","","","","","","","","","","","","","","","","","","","","","","","","","",
"Viet Nam","VNM","Diarrhea treatment (% of children under 5 who received ORS packet)","SH.STA.ORTH","","","","","","","","","","","","","","","","","","","","","","","","","","","46","50","","65","","","","","","","","39.7","","","11.1","","40.4","","","","26.3","","","","","46.5","","","50.9","","","","","","","58.1","","","","",
"Vanuatu","VUT","Diarrhea treatment (% of children under 5 who received ORS packet)","SH.STA.ORTH","","","","","","","","","","","","","","","","","","","","","","","","","","","6","31","","42","","","","","","","","","","","","","","","","","","23.2","","","","","","47.6","","","","","","","","","","","","",
"World","WLD","Diarrhea treatment (% of children under 5 who received ORS packet)","SH.STA.ORTH","","","","","","","","","","","","","","","","","","","","","","","","","","","20.1412817668755","24.901965102186","","34.513062237958","","","","","","","","","","","","","","","","","","","","","","","","","","","","","","","","","","","","",
"Samoa","WSM","Diarrhea treatment (% of children under 5 who received ORS packet)","SH.STA.ORTH","","","","","","","","","","","","","","","","","","","","","","","","","","","6","7","","","","","","","","","","","","","","","","","","","","","","68","","","","","63","","","","","","58.6","","","","","",
"Kosovo","XKX","Diarrhea treatment (% of children under 5 who received ORS packet)","SH.STA.ORTH","","","","","","","","","","","","","","","","","","","","","","","","","","","","","","","","","","","","","","","","","","","","","","","","","","","","","","","38.6","","","","","","","","","","","",
"Yemen, Rep.","YEM","Diarrhea treatment (% of children under 5 who received ORS packet)","SH.STA.ORTH","","","","","","","","","","","","","","","","","","","","","","","","","","","11","7","","6","","","30.7","","","","","32.4","","","","","","","","","32.7","","","","","","","25.3","","","","","","","","","","","","",
"South Africa","ZAF","Diarrhea treatment (% of children under 5 who received ORS packet)","SH.STA.ORTH","","","","","","","","","","","","","","","","","","","","","","","","","","","","","","","","","","","","","","","51.2","","","","","","40","","","","","","","","","","","","51.4","","","","","","","","","",
"Zambia","ZMB","Diarrhea treatment (% of children under 5 who received ORS packet)","SH.STA.ORTH","","","","","","","","","","","","","","","","","","","","","","","","","","","51","59","","87","","","52.9","","","","53.9","53.9","","","","","53.2","","","","","59.9","","","","","","","64.1","","","","66.8","66.8","","","","","","",
"Zimbabwe","ZWE","Diarrhea treatment (% of children under 5 who received ORS packet)","SH.STA.ORTH","","","","","","","","","","","","","","","","","","","","","","","","","","","26","26","","77","","","","","79.2","","","","","","","","","","","","5.6","","","31.7","","20.9","","","43.4","40.5","","","","32.8","","","","","","",
